{
  "best_threshold": 0.5037771463394165,
  "best_threshold_f1": 0.4359537110933759,
  "val_auc": 0.7162974981103782
}