{
  "train_loss": [
    1.0141054364383644,
    1.001370020369266,
    0.9979154905106159,
    0.9959354229429935,
    0.9956714980145718,
    0.9933950592440071,
    0.9929124260625095,
    0.992093063838093,
    0.9915439401958006,
    0.9906220247982241,
    0.991189699435065,
    0.9901743539681671,
    0.9892913193990153,
    0.989740346340423,
    0.9887994067043278,
    0.9883557870878396,
    0.98804198998086,
    0.9877982718724732,
    0.986663983011922,
    0.9851109083239914,
    0.986178162672841,
    0.98503670075261,
    0.9849184466169235,
    0.9831097257052753,
    0.9832667133486863,
    0.9814051372785095
  ],
  "train_auc": [
    0.6943446971611809,
    0.706330254456286,
    0.7090165590870509,
    0.7105185916438743,
    0.711591983551825,
    0.7123744745449401,
    0.71294422574743,
    0.713846895105159,
    0.7142591077996794,
    0.7145101697255494,
    0.7149634595491842,
    0.714940584966519,
    0.7160047953220785,
    0.7156078337074413,
    0.7162189994529851,
    0.7165595409601055,
    0.7166290574365746,
    0.7168918693954541,
    0.7177768248231633,
    0.7192257323399037,
    0.7188061997547864,
    0.7192458208431576,
    0.719221341129869,
    0.7207667440535699,
    0.7203138800716777,
    0.7218413943223616
  ],
  "train_f1": [
    0.41560720859552247,
    0.42433578875424455,
    0.42532225475683677,
    0.42799973901128774,
    0.4293801394987244,
    0.4276266329632495,
    0.42964884364714345,
    0.43016814496381345,
    0.4312465277399536,
    0.43162784611358285,
    0.43089147708718845,
    0.43050990856138754,
    0.4315945633440234,
    0.4329890160232987,
    0.4316723046231243,
    0.43163577036363837,
    0.4320036362849289,
    0.4319400716534578,
    0.43343626226145404,
    0.4343590637667262,
    0.4342766233341687,
    0.4335276522346674,
    0.4332139453882299,
    0.4351092523231816,
    0.43464614982236655,
    0.4359229566111409
  ],
  "val_loss": [
    0.9963852893561125,
    0.9930993039160967,
    0.9920136388391256,
    0.9914882183074951,
    0.9903655350208282,
    0.9899444375187159,
    0.9906549006700516,
    0.9896464794874191,
    0.9886331558227539,
    0.9875990450382233,
    0.9873016700148582,
    0.9889161698520184,
    0.9891525786370039,
    0.9874519146978855,
    0.9880856554955244,
    0.9881479721516371,
    0.9883026704192162,
    0.9868644289672375,
    0.9861847385764122,
    0.9865293242037296,
    0.9859796445816755,
    0.985911363735795,
    0.9865191485732794,
    0.9862893782556057,
    0.9861128870397806,
    0.9863193407654762
  ],
  "val_auc": [
    0.7108876274241753,
    0.7123550731688759,
    0.713282330087327,
    0.7133785470199229,
    0.7143528305601113,
    0.7140388144802584,
    0.714255220065031,
    0.7140967695656907,
    0.7154222308519871,
    0.715762174528592,
    0.7153815608310562,
    0.7152425224126409,
    0.7153339229977025,
    0.7164533692966989,
    0.7159188891869429,
    0.715646887793576,
    0.7152849282745612,
    0.7162321229159273,
    0.7167147233837144,
    0.7161870277228963,
    0.7167795729361756,
    0.7166769994027729,
    0.7163141475147989,
    0.7164219774680994,
    0.7165396234799535,
    0.7162974981103782
  ],
  "val_f1": [
    0.43189057522952967,
    0.43222003929273084,
    0.4326145552560647,
    0.435388845247447,
    0.4325544865501669,
    0.4301978350130646,
    0.4332572140336309,
    0.431831367240379,
    0.43600245750563177,
    0.43299170326988773,
    0.4316877152698048,
    0.43390151515151515,
    0.4327951760357907,
    0.43289773905828666,
    0.43429025528955995,
    0.4329794622482389,
    0.4342401309061158,
    0.43286767559177336,
    0.43398616388970085,
    0.43371571072319204,
    0.4336684407648334,
    0.43464249748237666,
    0.4338955661044339,
    0.43397347059988123,
    0.4345130973805239,
    0.4346537587671639
  ]
}